<?xml version="1.0"?>
<user><name><name>ruhul</name></name><username><username>ruhul1234</username></username><password><password>1234</password></password><retypepassword><retypepassword>1234</retypepassword></retypepassword><gender><gender>male</gender></gender><programmingskills><programmingskills>java</programmingskills></programmingskills><contactno><contactno>01855669444</contactno></contactno><email><email>gkerbig@gmail.com</email></email><college><college>Dhaka College </college></college></user>
